<?xml version="1.0" encoding="UTF-8"?>
<!DOCTYPE hibernate-configuration PUBLIC "-//Hibernate/Hibernate Configuration DTD 3.0//EN"
                                         "http://hibernate.sourceforge.net/hibernate-configuration-3.0.dtd">
<hibernate-configuration>
 <session-factory>
  <property name="hibernate.connection.driver_class">com.mysql.cj.jdbc.Driver</property>
  <property name="hibernate.connection.url">jdbc:mysql://localhost:3306/finalproj</property>
  <property name="hibernate.connection.username">root</property>
  <property name="hibernate.connection.password">meetveera</property>
  <property name="hibernate.dialect">org.hibernate.dialect.MySQLDialect</property>
  <property name="hibernate.hbm2ddl.auto">update</property>
  
  <mapping class="com.me.pojo.Airplane" />
  <mapping class="com.me.pojo.FlightDetails" />
  <mapping class="com.me.pojo.Passenger" />
  <mapping class="com.me.pojo.Payment" />
  <mapping class="com.me.pojo.Ticket" />
  <mapping class="com.me.pojo.Users"/>
  <mapping class="com.me.pojo.Cities"/>
  
 </session-factory>
</hibernate-configuration>
