<?xml version="1.0" encoding="UTF-8"?>
<project-private xmlns="http://www.netbeans.org/ns/project-private/1">
    <editor-bookmarks xmlns="http://www.netbeans.org/ns/editor-bookmarks/2" lastBookmarkId="1">
        <file>
            <url>src/java/Servelet/user_booking_validation_check.java</url>
            <bookmark id="1">
                <name/>
                <line>302</line>
                <key/>
            </bookmark>
        </file>
    </editor-bookmarks>
    <open-files xmlns="http://www.netbeans.org/ns/projectui-open-files/2">
        <group>
            <file>file:/C:/Users/TANMOY%20DAS/Desktop/Arline%20Reservation%20System/web/index.jsp</file>
        </group>
    </open-files>
</project-private>
